{"name":"82f6000e-f3d0-4610-9756-420c647e3238","id":"/providers/Microsoft.Flow/flows/82f6000e-f3d0-4610-9756-420c647e3238","type":"Microsoft.Flow/flows","properties":{"apiId":"/providers/Microsoft.PowerApps/apis/shared_logicflows","displayName":"Add Accounts to Site Groups and Activate","definition":{"metadata":{"workflowEntityId":null,"processAdvisorMetadata":null,"flowChargedByPaygo":null,"flowclientsuspensionreason":"None","flowclientsuspensiontime":null,"flowclientsuspensionreasondetails":null,"creator":{"id":"28ba3d53-fe6e-4546-afc5-c871890a0fad","type":"User","tenantId":"e64b3773-9890-4a2f-87cd-23725df35ace"},"provisioningMethod":"FromDefinition","failureAlertSubscription":true,"clientLastModifiedTime":"2024-11-08T00:08:10.2617637Z","connectionKeySavedTimeKey":"2025-11-04T21:35:38.7652215Z"},"$schema":"https://schema.management.azure.com/providers/Microsoft.Logic/schemas/2016-06-01/workflowdefinition.json#","contentVersion":"1.0.0.0","parameters":{"$connections":{"defaultValue":{},"type":"Object"},"$authentication":{"defaultValue":{},"type":"SecureObject"}},"triggers":{"manual":{"metadata":{"operationMetadataId":"338f43b7-4e49-41c9-91c3-1d0cbe5f4c6a"},"type":"Request","kind":"PowerAppV2","inputs":{"schema":{"type":"object","properties":{"email":{"title":"UserEmail","type":"string","format":"email","x-ms-dynamically-added":true,"description":"Please enter an e-mail address","x-ms-content-hint":"EMAIL"}},"required":["email"]}}}},"actions":{"Add_User_to_PDGODEMO_Site_Group":{"runAfter":{"Apply_to_each":["Succeeded"]},"metadata":{"operationMetadataId":"590b2fcd-b713-4b54-838d-0e036bd541be"},"type":"OpenApiConnection","inputs":{"host":{"apiId":"/providers/Microsoft.PowerApps/apis/shared_sharepointonline","connectionName":"shared_sharepointonline","operationId":"HttpRequest"},"parameters":{"dataset":"https://countyofsb.sharepoint.com/teams/PDGODemo","parameters/method":"POST","parameters/uri":"_api/web/siteGroups/GetById(4)/users","parameters/headers":{"accept":"application/json;odata=verbose","content-type":"application/json;odata=verbose"},"parameters/body":"{\n    \"__metadata\": {\n        \"type\": \"SP.User\"\n    },\n    \"LoginName\": \"i:0#.f|membership|@{triggerBody()['email']}\"\n}"},"authentication":{"value":"@json(decodeBase64(triggerOutputs().headers['X-MS-APIM-Tokens']))['$ConnectionKey']","type":"Raw"}}},"Create_ID_variable":{"runAfter":{},"metadata":{"operationMetadataId":"809dadb7-17e5-4641-927a-a247c9457161"},"type":"InitializeVariable","inputs":{"variables":[{"name":"PDHELPDESKID","type":"integer"}]}},"Add_User_To_PDHELPDESK_Site_Group":{"runAfter":{"Apply_to_each":["Succeeded"]},"metadata":{"operationMetadataId":"b37c839e-17ac-4809-9d40-6f23ba63a52a"},"type":"OpenApiConnection","inputs":{"host":{"apiId":"/providers/Microsoft.PowerApps/apis/shared_sharepointonline","connectionName":"shared_sharepointonline","operationId":"HttpRequest"},"parameters":{"dataset":"https://countyofsb.sharepoint.com/teams/PDHelpDeskApp","parameters/method":"POST","parameters/uri":"_api/web/siteGroups/GetById(4)/users","parameters/headers":{"accept":"application/json;odata=verbose","content-type":"application/json;odata=verbose"},"parameters/body":"{\n    \"__metadata\": {\n        \"type\": \"SP.User\"\n    },\n    \"LoginName\": \"i:0#.f|membership|@{triggerBody()['email']}\"\n}"},"authentication":{"value":"@json(decodeBase64(triggerOutputs().headers['X-MS-APIM-Tokens']))['$ConnectionKey']","type":"Raw"}}},"Find_User_in_PDHELPDESK":{"runAfter":{"Create_ID_variable":["Succeeded"]},"metadata":{"operationMetadataId":"f33d9ce7-1221-440a-9796-bfdb1a8d04e7"},"type":"OpenApiConnection","inputs":{"host":{"apiId":"/providers/Microsoft.PowerApps/apis/shared_sharepointonline","connectionName":"shared_sharepointonline","operationId":"GetItems"},"parameters":{"dataset":"https://countyofsb.sharepoint.com/teams/PDHelpDeskApp","table":"9e07a8f0-2525-4e6f-a209-9cc49bee476f","$filter":"email eq '@{triggerBody()['email']}'","$top":1},"authentication":{"value":"@json(decodeBase64(triggerOutputs().headers['X-MS-APIM-Tokens']))['$ConnectionKey']","type":"Raw"}}},"Apply_to_each":{"foreach":"@outputs('Find_User_in_PDHELPDESK')?['body/value']","actions":{"Switch":{"runAfter":{},"cases":{"Match_Staff":{"case":"Staff","actions":{"Set_ID":{"runAfter":{},"metadata":{"operationMetadataId":"3c0a0395-7bfa-49ce-9c0f-d26643c1a45d"},"type":"SetVariable","inputs":{"name":"PDHELPDESKID","value":10}}}},"Match_Admin":{"case":"Admin","actions":{"Set_ID2":{"runAfter":{},"metadata":{"operationMetadataId":"7f75d057-f12b-4844-9dc3-9175a464f6dd"},"type":"SetVariable","inputs":{"name":"PDHELPDESKID","value":11}}}},"Match_Tech":{"case":"Tech","actions":{"Set_ID3":{"runAfter":{},"metadata":{"operationMetadataId":"9ec8bbf6-3ff7-4e5f-af67-f9d49c5b3340"},"type":"SetVariable","inputs":{"name":"PDHELPDESKID","value":11}}}}},"default":{"actions":{"Set_ID4":{"runAfter":{},"metadata":{"operationMetadataId":"1705bf66-de43-4c4b-a0bb-fb5e22cb0a33"},"type":"SetVariable","inputs":{"name":"PDHELPDESKID","value":10}}}},"expression":"@items('Apply_to_each')?['userRole']","metadata":{"operationMetadataId":"333d7d71-5eb4-4ee1-a3b4-08be6fd6e550"},"type":"Switch"}},"runAfter":{"Find_User_in_PDHELPDESK":["Succeeded"]},"metadata":{"operationMetadataId":"d16d0b2f-c0f9-4364-b8f7-a57cdb210451"},"type":"Foreach"},"Find_User_in_PDGODEMO":{"runAfter":{"Add_User_To_PDHELPDESK_Site_Group":["Succeeded"],"Add_User_to_PDGODEMO_Site_Group":["Succeeded"]},"metadata":{"operationMetadataId":"d6a623a1-b63b-409d-83c5-5eb83933a47b"},"type":"OpenApiConnection","inputs":{"host":{"apiId":"/providers/Microsoft.PowerApps/apis/shared_sharepointonline","connectionName":"shared_sharepointonline","operationId":"GetItems"},"parameters":{"dataset":"https://countyofsb.sharepoint.com/teams/PDGODemo","table":"42f02f00-9538-40e2-8d8c-9bf87dd38fd8","$filter":"field_4 eq '@{triggerBody()['email']}'","$top":1},"authentication":{"value":"@json(decodeBase64(triggerOutputs().headers['X-MS-APIM-Tokens']))['$ConnectionKey']","type":"Raw"}}},"Apply_to_each_2":{"foreach":"@outputs('Find_User_in_PDHELPDESK')?['body/value']","actions":{"Activate_In_PDHELPDESK":{"runAfter":{},"metadata":{"operationMetadataId":"1b96afde-0e91-4dbe-9df8-8ee67eea2d0e"},"type":"OpenApiConnection","inputs":{"host":{"apiId":"/providers/Microsoft.PowerApps/apis/shared_sharepointonline","connectionName":"shared_sharepointonline","operationId":"PatchItem"},"parameters":{"dataset":"https://countyofsb.sharepoint.com/teams/PDHelpDeskApp","table":"9e07a8f0-2525-4e6f-a209-9cc49bee476f","id":"@items('Apply_to_each_2')?['ID']","item/firstName":"@items('Apply_to_each_2')?['firstName']","item/fullName":"@items('Apply_to_each_2')?['fullName']","item/userRole":"@items('Apply_to_each_2')?['userRole']","item/email":"@triggerBody()['email']","item/Active":true,"item/lastName":"@items('Apply_to_each_2')?['lastName']"},"authentication":{"value":"@json(decodeBase64(triggerOutputs().headers['X-MS-APIM-Tokens']))['$ConnectionKey']","type":"Raw"}}}},"runAfter":{"Find_User_in_PDGODEMO":["Succeeded"]},"metadata":{"operationMetadataId":"e64a704d-d73f-4212-8bf1-5e5a23cff590"},"type":"Foreach"},"Apply_to_each_3":{"foreach":"@outputs('Find_User_in_PDGODEMO')?['body/value']","actions":{"Update_item":{"runAfter":{},"metadata":{"operationMetadataId":"201d1841-119a-43ee-b6b3-70e83a9436e3"},"type":"OpenApiConnection","inputs":{"host":{"apiId":"/providers/Microsoft.PowerApps/apis/shared_sharepointonline","connectionName":"shared_sharepointonline","operationId":"PatchItem"},"parameters":{"dataset":"https://countyofsb.sharepoint.com/teams/PDGODemo","table":"42f02f00-9538-40e2-8d8c-9bf87dd38fd8","id":"@items('Apply_to_each_3')?['ID']","item/Active":true,"item/field_6/Value":"@items('Apply_to_each_3')?['field_6/Value']","item/field_7/Value":"@items('Apply_to_each_3')?['field_7/Value']","item/field_8/Value":"@items('Apply_to_each_3')?['field_8/Value']"},"authentication":{"value":"@json(decodeBase64(triggerOutputs().headers['X-MS-APIM-Tokens']))['$ConnectionKey']","type":"Raw"}}}},"runAfter":{"Find_User_in_PDGODEMO":["Succeeded"]},"metadata":{"operationMetadataId":"f5b7b41c-58d0-4242-bb7d-dfc70049a93e"},"type":"Foreach"}}},"connectionReferences":{"shared_sharepointonline":{"connectionName":"63d2081f8bd34059b1be764cd8628014","source":"Invoker","id":"/providers/Microsoft.PowerApps/apis/shared_sharepointonline","tier":"NotSpecified","apiName":"sharepointonline","isProcessSimpleApiReferenceConversionAlreadyDone":false}},"flowFailureAlertSubscribed":false,"isManaged":false}}