{"name":"2603c5e7-771c-4aa5-a342-12674ead1b37","id":"/providers/Microsoft.Flow/flows/2603c5e7-771c-4aa5-a342-12674ead1b37","type":"Microsoft.Flow/flows","properties":{"apiId":"/providers/Microsoft.PowerApps/apis/shared_logicflows","displayName":"Upload ICS File","definition":{"metadata":{"workflowEntityId":null,"processAdvisorMetadata":null,"flowChargedByPaygo":null,"flowclientsuspensionreason":"None","flowclientsuspensiontime":null,"flowclientsuspensionreasondetails":null,"creator":{"id":"28ba3d53-fe6e-4546-afc5-c871890a0fad","type":"User","tenantId":"e64b3773-9890-4a2f-87cd-23725df35ace"},"provisioningMethod":"FromDefinition","failureAlertSubscription":true,"clientLastModifiedTime":"2025-08-15T21:26:02.0027086Z","connectionKeySavedTimeKey":"2025-11-19T19:55:45.732807Z","creationSource":null},"$schema":"https://schema.management.azure.com/providers/Microsoft.Logic/schemas/2016-06-01/workflowdefinition.json#","contentVersion":"1.0.0.0","parameters":{"$connections":{"defaultValue":{},"type":"Object"},"$authentication":{"defaultValue":{},"type":"SecureObject"}},"triggers":{"manual":{"metadata":{"operationMetadataId":"d3969fd4-63ad-43ad-83be-19ee579f2252"},"type":"Request","kind":"PowerAppV2","inputs":{"schema":{"type":"object","properties":{"file":{"title":"File Content","type":"object","x-ms-dynamically-added":true,"description":"Please select file or image","x-ms-content-hint":"FILE","properties":{"name":{"type":"string"},"contentBytes":{"type":"string","format":"byte"}}}},"required":[]}}}},"actions":{"Create_file":{"runAfter":{},"metadata":{"operationMetadataId":"1c25bfd4-15c3-414e-99c9-d53ee1773b66"},"type":"OpenApiConnection","inputs":{"host":{"apiId":"/providers/Microsoft.PowerApps/apis/shared_sharepointonline","connectionName":"shared_sharepointonline","operationId":"CreateFile"},"parameters":{"dataset":"https://countyofsb.sharepoint.com/teams/PDGODemo","folderPath":"/ICS Files","name":"@triggerBody()['file']['name']","body":"@triggerBody()['file']['contentBytes']"},"authentication":{"value":"@json(decodeBase64(triggerOutputs().headers['X-MS-APIM-Tokens']))['$ConnectionKey']","type":"Raw"}},"runtimeConfiguration":{"contentTransfer":{"transferMode":"Chunked"}}},"ICSFILECONTENT":{"runAfter":{"Create_file":["Succeeded"]},"metadata":{"operationMetadataId":"763c7b53-c7c9-4acd-8e6b-bfd368a5aad3"},"type":"Compose","inputs":"@base64ToString(triggerBody()?['file']?['contentBytes'])"},"GetTitle":{"runAfter":{"ICSFILECONTENT":["Succeeded"]},"metadata":{"operationMetadataId":"a07a085a-3b29-431d-ad15-13fc6904a60e"},"type":"Compose","inputs":"@trim(first(split(last(split(outputs('ICSFILECONTENT'), 'SUMMARY:')), '\\r\\n')))"},"GetStartTime":{"runAfter":{"GetTitle":["Succeeded"]},"metadata":{"operationMetadataId":"ccf94ef0-ce97-450b-8a5c-57f915995d10"},"type":"Compose","inputs":"@formatDateTime(substring(first(split(last(split(outputs('ICSFILECONTENT'), 'DTSTART:')), '\\r\\n')), 0, 16), 'yyyy-MM-ddTHH:mm:ssZ')"},"Compose":{"runAfter":{"GetStartTime":["Succeeded"]},"metadata":{"operationMetadataId":"c4c32ba5-b86e-4f1f-8552-e673a1220433"},"type":"Compose","inputs":"@formatDateTime(substring(first(split(last(split(outputs('ICSFILECONTENT'), 'DTEND:')), '\\r\\n')), 0, 16), 'yyyy-MM-ddTHH:mm:ssZ')"}}},"connectionReferences":{"shared_sharepointonline":{"connectionName":"shared-sharepointonl-416a49a2-5dd3-4b29-80b2-c7512c7dba43","source":"Invoker","id":"/providers/Microsoft.PowerApps/apis/shared_sharepointonline","tier":"NotSpecified","apiName":"sharepointonline","isProcessSimpleApiReferenceConversionAlreadyDone":false}},"flowFailureAlertSubscribed":false,"isManaged":false}}