{"name":"33c0984f-a521-4260-9494-e4a42f970810","id":"/providers/Microsoft.Flow/flows/33c0984f-a521-4260-9494-e4a42f970810","type":"Microsoft.Flow/flows","properties":{"apiId":"/providers/Microsoft.PowerApps/apis/shared_logicflows","displayName":"GetCSV","definition":{"metadata":{"workflowEntityId":null,"processAdvisorMetadata":null,"flowChargedByPaygo":null,"flowclientsuspensionreason":"None","flowclientsuspensiontime":null,"flowclientsuspensionreasondetails":null,"creator":{"id":"28ba3d53-fe6e-4546-afc5-c871890a0fad","type":"User","tenantId":"e64b3773-9890-4a2f-87cd-23725df35ace"},"provisioningMethod":"FromDefinition","failureAlertSubscription":true,"clientLastModifiedTime":"2025-05-31T00:10:34.7457078Z","connectionKeySavedTimeKey":"2025-11-01T15:52:30.9966992Z","creationSource":null},"$schema":"https://schema.management.azure.com/providers/Microsoft.Logic/schemas/2016-06-01/workflowdefinition.json#","contentVersion":"1.0.0.0","parameters":{"$connections":{"defaultValue":{},"type":"Object"},"$authentication":{"defaultValue":{},"type":"SecureObject"}},"triggers":{"manual":{"metadata":{"operationMetadataId":"e89d3d60-2a13-423c-a5d0-2f349b7c150a"},"type":"Request","kind":"PowerAppV2","inputs":{"schema":{"type":"object","properties":{"text":{"title":"FileName","type":"string","x-ms-dynamically-added":true,"description":"Please enter your input","x-ms-content-hint":"TEXT"}},"required":["text"]}}}},"actions":{"Initialize_variable":{"runAfter":{},"metadata":{"operationMetadataId":"e0486f14-0c68-4f2e-9da0-df83275818e2"},"type":"InitializeVariable","inputs":{"variables":[{"name":"csvfile","type":"string","value":"@{triggerBody()['text']}.csv"}]}},"Compose":{"runAfter":{"Get_file_content_using_path":["Succeeded"]},"metadata":{"operationMetadataId":"32d7a29c-5e89-4cae-9036-f5315dc57dae"},"type":"Compose","inputs":"@base64tostring(outputs('Get_file_content_using_path')?['body']['$content'])"},"Get_file_content_using_path":{"runAfter":{"Initialize_variable":["Succeeded"]},"metadata":{"operationMetadataId":"c17f5024-c4d6-4a2c-b49a-5e95d9e66593"},"type":"OpenApiConnection","inputs":{"host":{"apiId":"/providers/Microsoft.PowerApps/apis/shared_sharepointonline","connectionName":"shared_sharepointonline","operationId":"GetFileContentByPath"},"parameters":{"dataset":"https://countyofsb.sharepoint.com/teams/PDGODemo","path":"/SelfReports/@{variables('csvfile')}","inferContentType":true},"authentication":{"value":"@json(decodeBase64(triggerOutputs().headers['X-MS-APIM-Tokens']))['$ConnectionKey']","type":"Raw"}}},"Respond_to_a_Power_App_or_flow":{"runAfter":{"Compose":["Succeeded"]},"metadata":{"operationMetadataId":"8e4e4a1b-4146-456a-b3df-bff1baac3f69"},"type":"Response","kind":"PowerApp","inputs":{"statusCode":200,"body":{"csvcontents":"@{outputs('Compose')}"},"schema":{"type":"object","properties":{"csvcontents":{"title":"csvcontents","x-ms-dynamically-added":true,"type":"string"}}}}}}},"connectionReferences":{"shared_sharepointonline":{"connectionName":"shared-sharepointonl-416a49a2-5dd3-4b29-80b2-c7512c7dba43","source":"Invoker","id":"/providers/Microsoft.PowerApps/apis/shared_sharepointonline","tier":"NotSpecified","apiName":"sharepointonline","isProcessSimpleApiReferenceConversionAlreadyDone":false}},"flowFailureAlertSubscribed":false,"isManaged":false}}