{"name":"680f364e-01fa-47bb-8d97-1e994e035a31","id":"/providers/Microsoft.Flow/flows/680f364e-01fa-47bb-8d97-1e994e035a31","type":"Microsoft.Flow/flows","properties":{"apiId":"/providers/Microsoft.PowerApps/apis/shared_logicflows","displayName":"MeetingApprovalToCalendarEvent","definition":{"metadata":{"workflowEntityId":null,"processAdvisorMetadata":null,"flowChargedByPaygo":null,"flowclientsuspensionreason":"None","flowclientsuspensiontime":null,"flowclientsuspensionreasondetails":null,"creator":{"id":"28ba3d53-fe6e-4546-afc5-c871890a0fad","type":"User","tenantId":"e64b3773-9890-4a2f-87cd-23725df35ace"},"provisioningMethod":"FromDefinition","failureAlertSubscription":true,"clientLastModifiedTime":"2025-08-19T23:45:07.1451016Z","connectionKeySavedTimeKey":"2025-11-21T01:47:25.9902431Z","creationSource":null},"$schema":"https://schema.management.azure.com/providers/Microsoft.Logic/schemas/2016-06-01/workflowdefinition.json#","contentVersion":"1.0.0.0","parameters":{"$connections":{"defaultValue":{},"type":"Object"},"$authentication":{"defaultValue":{},"type":"SecureObject"}},"triggers":{"manual":{"metadata":{"operationMetadataId":"fa54549d-0d03-4ac9-9191-52b08e00266b"},"type":"Request","kind":"PowerAppV2","inputs":{"schema":{"type":"object","properties":{"text":{"title":"JSONRecord","type":"string","x-ms-dynamically-added":true,"description":"Please enter your input","x-ms-content-hint":"TEXT"}},"required":["text"]}}}},"actions":{"Parse_JSON":{"runAfter":{},"metadata":{"operationMetadataId":"e7cdbc72-01ed-4217-8a0d-7126b3e455ed"},"type":"ParseJson","inputs":{"content":"@triggerBody()['text']","schema":{"type":"object","properties":{"Author":{"type":"object","properties":{"Claims":{"type":"string"},"Department":{"type":"string"},"DisplayName":{"type":"string"},"Email":{"type":"string"},"JobTitle":{"type":"string"},"Picture":{"type":"string"}}},"Created":{"type":"string"},"Editor":{"type":"object","properties":{"Claims":{"type":"string"},"Department":{"type":"string"},"DisplayName":{"type":"string"},"Email":{"type":"string"},"JobTitle":{"type":"string"},"Picture":{"type":"string"}}},"ID":{"type":"integer"},"Modified":{"type":"string"},"Title":{"type":"string"},"field_1":{"type":"string"},"field_10":{"type":"string"},"field_12":{"type":"string"},"field_13":{"type":"boolean"},"field_2":{"type":"string"},"field_3":{"type":"string"},"field_4":{"type":"string"},"field_5":{"type":"string"},"field_6":{"type":"string"},"field_7":{"type":"array","items":{"type":"object","properties":{"Value":{"type":"string"}},"required":["Value"]}},"field_8":{"type":"object","properties":{"Value":{"type":"string"}}},"field_9":{"type":"object","properties":{"Value":{"type":"string"}}},"{ContentType}":{"type":"object","properties":{"Id":{"type":"string"},"Name":{"type":"string"}}},"{FilenameWithExtension}":{"type":"string"},"{FullPath}":{"type":"string"},"{HasAttachments}":{"type":"boolean"},"{Identifier}":{"type":"string"},"{IsFolder}":{"type":"boolean"},"{Link}":{"type":"string"},"{Name}":{"type":"string"},"{Path}":{"type":"string"},"{Thumbnail}":{"type":"object","properties":{"Large":{},"Medium":{},"Small":{}}},"{VersionNumber}":{"type":"string"}}}}},"Create_event_(V4)":{"runAfter":{"Parse_JSON":["Succeeded"]},"metadata":{"operationMetadataId":"3bea1831-a9e5-49eb-b67e-fe7be408be1c"},"type":"OpenApiConnection","inputs":{"host":{"apiId":"/providers/Microsoft.PowerApps/apis/shared_office365","connectionName":"shared_office365","operationId":"V4CalendarPostItem"},"parameters":{"table":"AAMkADE5NzA0Njk5LWM4ZmMtNGI3ZC05ZjA5LTljNjE3OTFiMWM5NABGAAAAAACv549PBh_NSoe9xjpiMyVzBwDgHvuJPQnTRI69dO46TLkpAAAAAAEGAADgHvuJPQnTRI69dO46TLkpAAIRumn4AAA=","item/subject":"@body('Parse_JSON')?['field_1']","item/start":"@body('Parse_JSON')?['field_3']","item/end":"@body('Parse_JSON')?['field_4']","item/timeZone":"(UTC-08:00) Pacific Time (US & Canada)","item/body":"<p>Training Title: @{body('Parse_JSON')?['field_1']}<br>\nTraining Host/Email: @{body('Parse_JSON')?['field_2']}/@{body('Parse_JSON')?['Author']?['Email']}<br>\nTraining Date: @{body('Parse_JSON')?['field_3']} to @{body('Parse_JSON')?['field_4']}<br>\nFormat: @{body('Parse_JSON')?['field_8']}<br>\nLocation (Optional): @{body('Parse_JSON')?['field_5']}<br>\n@{body('Parse_JSON')?['field_6']}<br>\nACCESS CODE: @{body('Parse_JSON')?['field_10']}<br>\nQR Code: @{body('Parse_JSON')?['field_12']}<br>\n</p>","item/responseRequested":false},"authentication":{"value":"@json(decodeBase64(triggerOutputs().headers['X-MS-APIM-Tokens']))['$ConnectionKey']","type":"Raw"}}}}},"connectionReferences":{"shared_office365":{"connectionName":"shared-office365-c2e6e471-0f00-4656-b830-3887dc3af73b","source":"Invoker","id":"/providers/Microsoft.PowerApps/apis/shared_office365","tier":"NotSpecified","apiName":"office365","isProcessSimpleApiReferenceConversionAlreadyDone":false}},"flowFailureAlertSubscribed":false,"isManaged":false}}